county,registered_youth,registered_total
01.1,80,1858
02.1,293,2798
03.1,145,1946
04.1,99,1310
05.1,261,2504
06.1,74,1299
07.1,121,1731
08.2,201,2277
08.3,154,2342
09.1,259,3430
0BIDS,80,1105
10.1,143,1442
11.1,81,2292
12.1,115,2256
13.1,152,2131
14.2,150,2190
14.3,117,1019
15.1,127,2017
16.2,196,2792
17.1,89,1401
18.2,386,4669
19.1,105,1376
20.1,48,969
21.1,147,2426
22.2,132,2198
23.2,26,652
23.3,60,811
24.1,164,2279
25.1,125,2118
26.1,167,1782
27.2,42,758
28.1,467,1867
29.2,161,2904
30.2,266,3040
30.3,280,3336
31.1,121,1225
32.1,160,2031
33.2,102,1326
33.3,134,1801
34.1,70,1063
35.1,80,1702
36.1,145,1822
37.1,110,1404
38.2,165,1850
38.3,278,3154
39.2,111,1564
39.3,194,2629
40.2,352,3632
41.1,289,3096
42.1,209,1945
43.2,151,1533
44.1,371,5694
45.1,379,4249
46.1,121,1344
47.1,344,3886
48.1,296,3607
49.1,327,3883
50.1,88,1352
51.2,181,1908
52.1,286,3860
53.1,218,2942
54.2,446,4008
55.1,220,2911
56.2,110,1859
57.1,267,2810
58.1,188,2498
59.1,232,3799
60.2,109,1140
60.4,106,1648
61.1,162,2292
62.1,144,2293
63.1,55,572
64.1,117,1794
65.1,304,2766
66.1,219,1578
67.1,114,2357
68.1,419,4099
681,29,363
69.1,235,2980
70.1,223,2862
71.1,238,3858
ABBOTTS,67,568
ALBRIGHT,451,4698
ALTAMONT,74,841
ANSONVILLE,86,914
AURORA,68,910
BANNER ELK,165,2004
BEAVER DAM,250,2621
BEECH MOUNTAIN,54,891
BELHAVEN,103,1293
BELVILLE 1,771,8797
BELVILLE 2,366,6518
BETHEL,540,6459
BETHLEHEM #1,226,2779
BETHLEHEM #2,297,3320
BLADENBORO #1,99,1290
BLADENBORO #2,235,2093
BLOUNTS CREEK,45,825
BOILING SPRING LAKES,455,5194
BOLIVIA,197,2714
BOONE 5,1092,4089
BROWN MARSH,91,893
BRUNSWICK FOREST,174,6755
BURLINGTON 10,158,1537
BURLINGTON 4,150,1570
BURLINGTON 5,115,1757
BURLINGTON 6,120,1676
BURLINGTON 7,517,3666
BURLINGTON 8,206,1563
BURLINGTON 9,135,1629
BURNSVILLE,312,4024
CAREYS FLAT,9,93
CARVERS CREEK,81,1088
CENTRAL,72,568
CENTRAL BOONE,210,2214
CHERRY LANE,74,1241
CHOCOWINITY,362,3444
CLIFTON,103,1135
COBLE,377,3636
COLERAIN 1,47,735
COLERAIN 2,63,1066
COLLY,109,1500
CRANBERRY,27,287
CRESTON,33,443
CYPRESS CREEK,525,5902
EAST BURLINGTON,190,1302
EAST GRAHAM,191,2025
EDWARD,61,857
ELIZABETHTOWN #1,258,2509
ELIZABETHTOWN #2,156,1668
ELK,73,1083
ELK PARK,55,653
ELLENDALE,190,2230
FAUCETTE,233,2531
FRANK,24,204
FRENCHES CREEK,41,536
FRYING PAN,180,2706
GAP CIVIL,247,3311
GILEAD,93,2059
GLADE CREEK,106,1295
GRAHAM 3,371,2177
GRAHAM 4,451,4623
GRISSETTOWN,329,7454
GULLEDGE,88,893
GWALTNEY #1 #2,150,1482
HAW RIVER,384,3369
HEATON,22,289
HELTON,34,435
HICKMANS CROSSROADS,184,7434
HOLLOW,118,1375
HOOD CREEK,193,2100
HORSE CREEK,25,328
HUGHES,24,290
HUNTERS BRIDGE,68,710
HURRICANE,13,190
INDIAN WOODS,31,286
INGALLS,60,691
JEFFERSON,265,3176
LAKE CREEK,38,554
LAUREL,80,1064
LELAND,489,8681
LILESVILLE,159,1939
LINVILLE,27,457
LITTLE RIVER AND SUGAR LOAF,161,1731
LONGWOOD,137,1450
MELVILLE 3,457,4484
MELVILLE 4,186,1954
MERRY HILL,53,707
MILLERS,195,1628
MINNEAPOLIS,11,214
MITCHELLS 1,43,614
MITCHELLS 2,56,648
MONTEZUMA,42,472
MORTON,377,3828
MORVEN/MCFARLAN,93,974
MOSQUITO 1,389,7247
MOSQUITO 2,173,8819
NEW RIVER,165,1857
NEWLAND # 1,70,782
NEWLAND # 2,57,660
NORTH BOONE,918,2978
NORTH BOONE 2,11,721
NORTH BURLINGTON,350,2765
NORTH CREEK,89,1348
NORTH FORK,50,725
NORTH GRAHAM,260,2015
NORTH MELVILLE,300,3322
NORTH NEWLIN,288,2792
NORTH THOMPSON,199,2401
OAK ISLAND 1,98,2032
OAK ISLAND 2,154,3143
OAK ISLAND 3,152,3333
OLD FIELDS,139,2141
OLD FORD,126,1456
P S JONES-WASH W3,113,1199
PANTEGO,100,939
PATTERSON,861,8706
PEACHLAND,111,1173
PEAK CREEK,53,847
PINE SWAMP,149,2041
PINEOLA,65,1336
PINETOWN,79,781
PINEY CREEK,58,699
PLEASANT GROVE,340,3324
PLUMTREE,60,485
POLKTON,88,773
POND MOUNTAIN,7,135
PRATHERS CREEK,103,1542
PYATTE,29,308
RIVER ROAD,180,1843
ROARING CREEK,18,231
ROXOBEL,82,918
SECESSION 1,208,3590
SECESSION 2,234,4065
SHALLOTTE,576,6541
SHARPES #1 #2,266,2498
SHINGLETREE 1,136,4939
SHINGLETREE 2,275,7462
SNAKEBITE,63,699
SOUTH BOONE E,308,3423
SOUTH BOONE M,352,3562
SOUTH BURLINGTON,183,987
SOUTH GRAHAM,312,3373
SOUTH MELVILLE,614,5441
SOUTH NEWLIN,143,1445
SOUTH THOMPSON,443,4592
SOUTHPORT 1,197,3531
SOUTHPORT 2,206,3280
SUPPLY,225,2254
SURRY-BATH,132,1837
TAYLORSVILLE #1 #4 #5,339,3571
TAYLORSVILLE #2 #3,233,2507
TOWN CREEK,493,5678
TRANTERS CREEK,222,2169
TURNBULL,42,443
WACCAMAW,353,3420
WADESBORO,479,5053
WASHINGTON PARK,103,1087
WASHINGTON WARD 1,101,1334
WASHINGTON WARD 2,92,1204
WASHINGTON WARD 4,172,1916
WEST BOONE,271,2832
WEST BURLINGTON,139,1709
WEST GRAHAM,94,942
WEST JEFFERSON,214,2729
WHITE OAK,362,4253
WHITE STORE,33,303
WHITES,58,926
WHITES CREEK,81,1014
WINDSOR 1,289,3169
WINDSOR 2,58,610
WITTENBURG,149,1707
WOODARDS POND,135,1453
WOODBURN,315,3341
WOODVILLE,57,663
01-02,380,3052
01-04,838,5986
01-07,340,2769
01-08,678,5203
01-10,347,3021
01-11,548,4570
02-01,273,3446
02-02,548,4227
02-03,751,6206
02-05,475,4180
02-06,396,3275
02-07,303,3230
02-08,1163,7487
02-09,1210,7544
03-00,711,5720
04-01,302,2911
04-03,254,2626
04-08,215,2090
04-09,448,4302
04-11,311,3148
04-12,534,4205
04-13,537,4928
05-00,239,2647
06-00,224,2078
07-00,138,1260
08-00,384,3959
09-00,245,2749
10-00,656,5916
11-01,790,5216
11-02,338,3337
12-03,191,1882
12-04,207,2417
12-05,184,1987
12-08,202,1328
12-09,259,2670
12-11,152,1509
12-12,218,1926
12-13,462,3442
12-14,225,2680
CHESTERFIELD,149,1855
DREXEL 01,255,2788
DREXEL 03,89,1083
ICARD 01,260,2666
ICARD 02,135,1673
ICARD 03,224,2521
ICARD 04,170,1785
ICARD 05,108,1301
JONAS RIDGE,29,510
LINVILLE 01,32,599
LINVILLE 02,44,900
LOVELADY 01,98,1314
LOVELADY 02,164,1759
LOVELADY 04,196,2200
LOWER FORK,204,2073
MORGANTON 01,139,1683
MORGANTON 04,146,1653
MORGANTON 05,128,1248
MORGANTON 06,140,1674
MORGANTON 08,190,1926
MORGANTON 09,146,1658
MORGANTON 10,150,1589
PILOT MOUNTAIN,257,3025
QUAKER MEADOWS #1-A,141,1755
QUAKER MEADOWS #1-B,146,1244
QUAKER MEADOWS 02,166,1847
SALEM,738,7744
SILVER CREEK 01,251,3054
SILVER CREEK 02,129,1218
UPPER CREEK,66,786
UPPER FORK,48,740
ANDERSON,66,830
ANDREWS NORTH WARD,130,1426
ANDREWS SOUTH WARD,142,1376
ATLANTIC BEACH,49,1269
ATLANTIC/SEA LEVEL/CEDAR ISLAND,54,724
BALLS CREEK,314,3308
BANOAK,201,2206
BATON,242,2669
BEAUFORT 1,62,1284
BEAUFORT 2,211,3577
BELLVIEW,69,1282
BETHWARE,173,1657
BLACKBURN,243,2240
BOGUE,315,3133
BONLEE,117,1312
BRASSTOWN,118,1744
BROAD CREEK,185,1976
BROAD RIVER,467,4329
BROOKFORD,95,810
BYNUM,202,2274
CAJAHS MOUNTAIN,281,2957
CAPE CARTERET/CEDAR POINT,325,3623
CASAR,124,1361
CATAWBA,328,3254
CENTER HILL,62,776
CLAREMONT,187,2264
COLLEGE PARK,148,936
COLLETTSVILLE,111,2022
CONOVER EAST,221,2439
CONOVER WEST,311,2724
COURTHOUSE,777,8335
CROSSROADS,510,4805
CULBERSON,50,939
DAVIS/STACY/WILLISTON,48,585
DUDLEY SHOALS,236,2428
EAST CHAPEL,397,5716
EAST EDENTON,138,1712
EAST MAIDEN,226,2376
EAST NEWTON,57,515
EAST PITTSBORO,308,3964
EAST SILER CITY,528,3364
EAST WILLIAMS,241,4695
EMERALD ISLE,228,3838
FALLING CREEK,635,6611
FALLSTON,127,1506
FREEDMAN,470,4858
GAMEWELL,412,4243
GOLDSTON,223,2812
GRACE CHAPEL,397,4527
GRANITE FALLS,260,2720
GRAPE CREEK,33,447
GREENMONT,162,1256
GROVER,270,2933
HADLEY,104,1552
HANGING DOG,44,730
HARKERS ISLAND,55,962
HAYESVILLE CENTRAL,30,414
HAYESVILLE ONE,73,1166
HAYESVILLE TWO,111,1536
HIAWASSEE,93,1513
HIBRITEN,301,3661
HICKORY MOUNTAIN,166,1748
HIGHLAND,207,2297
HIWASSEE DAM,139,2178
HOT HOUSE,81,1497
HUDSON,460,5183
INDIAN BEACH/SALTER PATH/PINE KNOLL,84,1720
JORDAN LAKE,206,2442
KENWORTH,142,1321
KINGS CREEK,100,1148
KINGS MOUNTAIN NORTH,413,4467
KINGS MOUNTAIN SOUTH,417,4128
KINGSTOWN,56,739
LAKE NORMAN,377,4502
LATTIMORE,268,2502
LAWNDALE,133,1541
LEASBURG,37,558
LENOIR,380,4090
LOCUST HILL,148,1808
LONGVIEW NORTH,153,1422
LONGVIEW SOUTH,115,1052
MAIDEN,349,3305
MARBLE,99,1293
MARSHALLBERG/SMYRNA,48,611
MERRIMON,17,495
MILL CREEK,33,458
MILTON,112,1689
MONCURE,200,2028
MONOGRAM,181,2128
MOORESBORO-YOUNG,130,1479
MOREHEAD 1,206,2287
MOREHEAD 2,206,2586
MOREHEAD 3,223,3024
MOREHEAD 4,201,2748
MOUNT OLIVE,451,5051
MOUNTAIN VIEW #1,414,3909
MOUNTAIN VIEW #2,410,3671
MULLS,168,1857
MURPHY NORTH,141,1896
MURPHY SOUTH,156,2279
NEWPORT 1,272,3030
NEWPORT 2,279,2878
NORTH NEWTON,227,1873
NORTH RIVER,51,621
NORTH WILLIAMS,420,5943
NORTHWEST,374,4147
OAK GROVE,296,3334
OAK HILL,337,3877
OAKLAND HEIGHTS,131,1633
OAKWOOD,109,1392
OTWAY/STRAITS/BETTIE/GLOUCESTER,130,1839
OXFORD,347,3649
PEACHTREE,150,2121
PELETIER,137,1607
PELHAM,222,2590
POLKVILLE,198,2284
PROSPECT HILL,131,1657
PROVIDENCE,1015,10836
RANGER,98,1837
RIDGEVIEW,58,549
RIPPY,363,3339
ROCKY HOCK,122,1505
SANDY RIDGE,536,5109
SAWMILLS,267,3171
SHANGHAI,218,2380
SHELBY CENTRAL,497,5744
SHELBY EAST,193,2330
SHELBY NORTH,329,3977
SHELBY SOUTH,510,5420
SHERRILLS FORD,468,5759
SHILOH,194,1950
SHOOTING CREEK,81,1280
SOUTH MILLS,281,2788
SOUTH NEWTON,313,2819
SPRINGS,496,4443
ST STEPHENS #1,355,2875
ST STEPHENS #2,493,4244
STARTOWN,747,7493
STELLA,189,1896
STONEY CREEK,168,2090
SWEETWATER,451,3946
TOPTON,29,321
TUSQUITTEE,46,688
UNAKA,47,595
VIEWMONT #1,234,2256
VIEWMONT #2,221,2280
WACO,266,2971
WARDVILLE,75,842
WARNE,51,771
WEST CHAPEL,315,3601
WEST EDENTON,233,2872
WEST NEWTON,146,1454
WEST PITTSBORO,425,5293
WEST SILER CITY,315,2309
WEST WILLIAMS,379,5724
WILDWOOD,264,3089
WIREGRASS/HARLOWE,164,1846
YANCEYVILLE,141,1821
YEOPIM,97,1395
ABBOTTS CREEK 1 #86A,369,3334
ABBOTTS CREEK 2 #88,223,2451
ALDERMAN1,173,1664
ALDERMAN2,263,2194
ALDERMAN3,148,1496
ARCADIA #04,525,5996
ARRAN HILLS,249,2697
AUMAN-1-G5,292,2283
AUMAN-2-G5,181,2029
AVON,45,818
BEAVER DAM-G6,102,1071
BLACK RIVER-G7,122,1182
BOGUE CREEK,226,2350
BOLTON,93,894
BOONE #06,361,3116
BRENTWOOD-G5,206,1841
BRICES CREEK,332,3557
BRIDGETON,179,2543
BUXTON,110,1124
CAROVA BEACH,14,266
CEDAR CREEK-G6,170,1764
CENTRAL #08,93,993
CERRO GORDO,54,775
CHADBOURN,285,2698
CHERRY BLUFF,141,1338
CHICAMACOMICO,53,726
CLARKS-RHEMS,232,2735
CLIFFDALE WEST-1-CL57,239,2730
CLIFFDALE WEST-2-CL57,292,2727
COINJOCK,88,968
COLINGTON,288,3496
COTTON GROVE  #10,250,2508
COVE-FORT BARNWELL,122,1358
CROATAN,216,2344
CROSS CREEK 01,198,1905
CROSS CREEK 02-G1,213,1932
CROSS CREEK 03,187,1512
CROSS CREEK 04,96,1010
CROSS CREEK 06,76,1019
CROSS CREEK 07,64,906
CROSS CREEK 08,116,1261
CROSS CREEK 09-G2,387,3801
CROSS CREEK 10,95,938
CROSS CREEK 11-G3,110,1109
CROSS CREEK 12,136,1557
CROSS CREEK 13,695,1621
CROSS CREEK 14,230,2316
CROSS CREEK 15,176,2201
CROSS CREEK 16,144,1550
CROSS CREEK 17,213,1995
CROSS CREEK 18,127,1395
CROSS CREEK 20-G4,131,1499
CROSS CREEK 21,322,2901
CROSS CREEK 22,443,3660
CROSS CREEK 23-1-G2,276,2644
CROSS CREEK 23-2,312,2503
CROSS CREEK 24,157,1261
CROSS CREEK 25,159,1605
CROSS CREEK 26,324,2869
CROSS CREEK 27,390,3285
CROSS CREEK 28-1-G5,330,2652
CROSS CREEK 28-2-G5,196,1974
CROSS CREEK 29,210,1738
CROSS CREEK 30-G4,136,1317
CROSS CREEK 31,174,1700
CROSS CREEK 32,151,1136
CROSS CREEK 33,194,2037
CROSS CREEK 34,173,1804
CROSS CREEK 519,256,2371
CUMBERLAND 1A-G8,422,2634
CUMBERLAND 2,152,1576
CUMBERLAND 3-G8,215,2035
CUMBERLAND 4-G8,367,3184
DENTON #12,90,873
DOVER-FORT BARNWELL,75,769
DUCK,28,701
DUNBAR #30,183,1540
EAST LAKE,7,93
EAST MOYOCK,261,3294
EASTOVER 1,299,2892
EASTOVER 2,244,2089
EASTSIDE #38,146,1045
EMMONS # 14,162,1834
FAIRFIELD HARBOUR,142,3321
FORT TOTTEN,206,2097
FRISCO,49,746
GEORGE STREET,115,1903
GIBBS WOODS,19,307
GLENBURNIE-GROVER C,275,3290
GRANTHAM 1A,398,3973
GRANTHAM 2B,460,5645
GRIMES #36,105,1093
GUMTREE # 16,288,2974
H.J. MACDONALD,455,4347
HARLOWE,225,2960
HATTERAS,31,501
HAVELOCK,1391,8823
HEALING SPRINGS #18,132,2149
HOLLY GROVE #20,243,2635
HOPE MILLS 1A-G8,263,2567
HOPE MILLS 2A-G9,557,4131
HOPE MILLS 2B-G9,636,4458
HOPE MILLS 3A,281,2500
HOPE MILLS 4-G10,256,2573
INDIAN RIDGE,99,1225
JASPER,191,2095
JUDSON-VANDER-G1,413,3739
KILL DEVIL HILLS,439,5751
KITTY HAWK,284,3021
KNOTTS ISLAND,74,972
LAKE RIM,493,4315
LEES,174,1672
LEXINGTON 1 #22,106,946
LEXINGTON 2 #24,188,1741
LEXINGTON 3 #26,120,1187
LEXINGTON 4 #28,264,2654
LIBERTY #42,254,2459
LINDEN,356,3384
LONGHILL,577,5206
MANCHESTER-G11,996,4006
MANNS HARBOR,38,454
MANTEO,453,4799
MIDWAY #44,346,3650
MONTIBELLO,288,2501
MORGANTON RD 2,273,2488
MUNICIPAL #40,154,1832
NAGS HEAD,172,2598
NAKINA HILL,198,1870
NORTH DAVIDSON # 46,219,2442
NW WHITEVILLE,136,1484
PEARCES MILL 2A-G3,408,3262
PEARCES MILL 2C,289,2416
PEARCES MILL 3-G3,110,1239
PEARCES MILL 4-G4,182,1670
POPLAR BRANCH,334,3767
POWELLS POINT,127,1718
RANSOM,268,3031
REEDS/YADKIN COLLEGE #48,219,2339
REEDY CREEK #50,321,3480
RIVER BEND,115,2318
ROBBINS #32,177,1286
SHERWOOD,336,2713
SILVER HILL #52,419,4333
SILVER VALLEY #54,170,1779
SOUTH DAVIDSON #56,107,1273
SOUTH WHITEVILLE,170,1781
SOUTH WILLIAMS,245,2791
SOUTHERN SHORES,232,3390
SOUTHMONT #58,262,3232
SPRING LAKE 3,533,4089
STEDMAN-G6,477,4501
STONEY POINT 1-G10,574,3812
STONEY POINT 2-G10,620,4706
STUMPY POINT,11,150
TATUM,191,2002
THOMASVILLE 1 #60,459,3940
THOMASVILLE 10 #76,266,2985
THOMASVILLE 2 #62,202,1448
THOMASVILLE 3 #64,144,1349
THOMASVILLE 4 #66,175,1553
THOMASVILLE 5 #68,192,1881
THOMASVILLE 7 #70,210,2244
THOMASVILLE 8 #72,387,2942
THOMASVILLE 9 #74,327,3618
TRENT WOODS,241,3385
TRUITT-ERNUL,110,1280
TYRO #78,332,3357
VAN-EP,349,3856
WADE-G7,130,1122
WALLBURG #80A,520,5322
WANCHESE,91,1018
WELCOME #82,270,2824
WESLEY HEIGHTS #34,189,1612
WEST ARCADIA #84,428,5637
WEST MOYOCK,407,3929
WEST NEW BERN,346,4439
WESTAREA-1-G2,220,1806
WESTAREA-2-G2,249,2161
WHALEHEAD,41,989
WHITEVILLE 1,208,2177
WHITEVILLE MID,288,2580
WILLIAMS,337,3008
01,588,5637
02,2451,9807
03,965,8090
04,872,8974
05,3078,10197
06,665,6807
07,894,9184
08,487,5136
09,441,4708
10,315,3773
12,343,3456
13,334,2573
14,627,5340
15,545,4125
17,409,4589
18,436,3034
19,317,2979
20,160,1891
21,186,3011
22,658,5400
23,866,7700
24,495,5965
25,264,3031
26,328,3333
27,330,4396
28,713,6326
29,609,5354
30-2,718,7047
30-3,524,4867
30-4,355,4982
31,592,7023
32,275,7660
33-1,342,5735
33-2,437,5246
34-1,273,3215
34-2,600,5136
35-4,399,4590
35-5,336,4286
36,283,2396
37,428,5890
38,637,6607
40,128,1905
41,110,1191
42,141,1107
43,596,6554
44,505,6339
45,408,4911
46,281,2829
47,175,1687
50,327,3592
51,315,5170
52,458,3084
53-2,391,4547
54,578,6744
55-11,183,1498
55-49,1427,1671
56,437,4651
57,352,4627
ALBERTSON,197,1245
BEULAVILLE,269,2699
CALYPSO,78,657
CEDAR FORK,70,665
CHARITY,138,1197
CHINQUAPIN,95,1243
CLARKSVILLE,255,2621
COOLEEMEE,180,1669
EAST SHADY GROVE,257,2672
FAISON,169,1196
FARMINGTON,234,2595
FULTON,146,1634
GLISSON,84,673
HALLSVILLE,151,1294
HILLSDALE,193,3276
JERUSALEM,159,1645
KENANSVILLE,271,2743
MAGNOLIA,168,1196
NORTH CALAHALN,84,1169
NORTH MOCKS-CITY,210,2096
NORTH MOCKS-COUNTY,213,2377
ROSE HILL,171,1433
SMITH GROVE,350,3588
SMITH/CABIN,131,1168
SOUTH CALAHALN,95,1084
SOUTH MOCKSVILLE,253,2298
WALLACE,561,5506
WARSAW,289,2716
WEST SHADY GROVE,121,1619
WOLFSCRAPE,195,1390
012,560,5274
013,732,6467
014,374,3892
015,784,8697
016,1033,8659
017,204,1931
021,555,6326
031,621,5617
032,578,6513
033,509,4696
034,638,5877
042,531,5300
043,465,3433
051,268,3037
052,88,1152
053,227,2756
054,233,2523
055,390,3696
061,173,2133
062,174,1820
063,366,3625
064,90,1203
065,353,4074
066,261,2440
067,145,1686
068,255,2573
071,347,3508
073,358,3399
074,327,3417
075,75,765
076,259,2811
077,348,2639
081,407,3148
083,225,1917
084,191,2127
085,200,2121
091,170,2067
092,152,1710
101,170,1901
111,115,1711
112,261,2943
121,260,2950
123,194,2789
124,360,2940
131,338,3592
132,466,4327
134,342,3185
135,402,3404
202,187,1787
203,187,1421
204,279,1365
205,80,649
206,168,1349
207,278,1976
208,454,1714
301,102,664
302,113,813
303,108,622
304,163,1522
305,141,1276
306,259,1295
401,214,1403
402,141,1021
403,175,1774
404,215,2118
405,1212,1767
501,203,1659
502,175,1147
503,319,1219
504,196,1035
505,271,1571
506,236,1713
508,343,2579
509,270,2211
601,122,1378
602,345,3899
603,150,1890
604,173,1532
605,328,3044
606,230,1530
607,144,2029
701,116,1318
702,91,1497
703,71,1106
704,91,1695
705,168,2212
706,101,1075
707,98,1221
708,418,3854
709,204,2853
801,156,1238
802,160,1574
803,154,1615
804,119,1205
805,202,2295
806,130,1810
807,164,1762
808,289,2817
809,236,2664
901,143,1669
902,120,2068
903,1437,2881
904,241,1934
905,629,2239
906,265,2994
907,135,1762
908,249,2593
909,127,1256
ALEXIS,294,3358
ASHBROOK,375,3683
BATTLEBORO,113,1313
BUNN,146,1625
CATAWBA HEIGHTS,260,3269
CEDAR ROCK,91,1405
CENTRAL BELMONT,267,3669
CONETOE,79,994
COUNTRY CLUB,437,4270
CRAMERTON,336,4350
CROWDERS MOUNTAIN,322,3790
DALLAS NE,350,3480
DALLAS SW,470,4838
EAST  LOUISBURG COUNTRY,169,1733
EAST FRANKLINTON,392,3850
EAST HARRIS,280,2259
EAST MOUNT HOLLY,318,3637
EAST YOUNGSVILLE,503,4910
FLINT GROVES,220,2428
FOREST HEIGHTS,504,4585
GARDNER PARK,211,2511
GARRISON,319,3583
GOLD MINE,77,910
HAYESVILLE,123,1272
HIGH SHOALS,269,2807
HIGHLAND HILL,284,2394
HOFFMAN,658,6290
LANDERS CHAPEL,189,2141
LAWRENCE,40,557
LEGGETT,66,509
LEWIS,80,845
LOUISBURG CITY,127,1555
LOWELL,184,2199
LUCIA,219,3203
MACCLESFIELD,103,1009
MCADENVILLE,158,1886
MYRTLE,403,3473
NEW HOPE,752,9052
NORTH BELMONT,169,1688
NORTH BESSEMER,290,3325
NORTH CHERRYVILLE,261,2867
OLD SPARTA,153,1308
PEARCES,212,1855
PILOT,516,4962
PINETOPS,164,1791
RANLO,259,2539
ROBINWOOD LAKE,358,4060
ROCKY MOUNT 1,378,3776
ROCKY MOUNT 2,199,1930
ROCKY MOUNT 4,139,1514
ROCKY MOUNT 5,90,1065
SANDY CREEK,224,2513
SHARPSBURG,375,3891
SOUTH BESSEMER,191,1949
SOUTH CHERRYVILLE,239,2920
SOUTH GASTONIA,400,4130
SOUTH POINT,550,5253
SPEED,28,360
SPRINGFIELD,400,4565
STANLEY CREEK,487,5051
TARBORO 1,160,1669
TARBORO 2,200,2621
TARBORO 3,182,1923
TARBORO 4,185,1897
TEMPERANCE HALL,121,1075
TRYON,284,4811
UNION,964,10813
VICTORY RIDGE,347,3257
WEST EDGECOMBE,302,2848
WEST FRANKLINTON,379,3980
WEST HARRIS,441,4088
WEST LOUISBURG COUNTRY,128,1470
WEST MOUNT HOLLY,415,4717
WEST YOUNGSVILLE 1,368,3967
WEST YOUNGSVILLE 2,749,7789
WHITAKERS,102,1439
WILKINSON,222,2982
YORK CHESTER,180,2459
ANTIOCH,334,3455
ARBA,84,811
BEAR GARDEN,56,742
BEREA,108,1442
BULL HEAD,75,729
BUTNER,281,2477
CASTORIA,84,794
CG1,222,2557
CG2,183,2068
CG3A,129,1593
CG3B,265,2842
CORINTH,245,2211
CREDLE,145,1621
CREEDMOOR,417,4197
EAST OXFORD,165,1675
EAST WARD,409,4455
FEN1,357,3325
FEN2,198,1973
FR1,369,3860
FR2,221,2206
FR3,165,1565
FR4,119,1372
FR5A,218,1964
FR5B,126,1326
G01,311,968
G02,168,1371
G03,165,1568
G04,298,1677
G05,143,1234
G06,139,1321
G07,219,1953
G08,268,2211
G09,381,2716
G10,350,2598
G11,80,1469
G12,73,940
G13,80,1234
G14,111,1110
G15,81,1232
G16,132,1424
G17,105,1600
G18,105,1233
G19,143,1508
G20,175,2262
G21,307,3081
G22,168,1720
G23,106,1264
G24,129,1310
G25,104,1585
G26,350,3008
G27,199,2694
G28,57,982
G29,119,1376
G30,121,1682
G31,80,1345
G32,202,2241
G33,149,1615
G34,164,1740
G35,73,1120
G36,174,1695
G37,211,2177
G38,177,2179
G39,257,1288
G40A1,126,1580
G40A2,68,1179
G40B,126,1352
G41A,67,1300
G41B,135,1836
G42A,86,1417
G42B,9,1023
G43,251,2277
G44,554,1856
G45,1655,1969
G46,547,2257
G47,510,2158
G48,827,2888
G49,135,1007
G50,612,2465
G51,203,1589
G52,167,1506
G53,296,2274
G54,240,2024
G55,252,2060
G56,180,1448
G57,179,1607
G58,223,1501
G59,185,1230
G60,220,1633
G61,219,1627
G62,136,1335
G63,134,1587
G64,271,2405
G65,240,2118
G66,275,2098
G67,814,1714
G68,1251,1498
G69,296,1793
G70,946,2191
G71,251,2097
G72,297,2323
G73,139,1280
G74,176,1735
G75,165,1530
GIB,233,2794
GR,232,2603
H01,389,3175
H02,463,5816
H03,217,1493
H04,695,6263
H05,437,5428
H06,592,5629
H07,163,1217
H08,703,7135
H09,188,1264
H10,666,6036
H11,1156,8063
H12,500,4926
H13,502,6791
H14,119,1373
H15,188,1706
H16,114,1151
H17,145,1048
H18,179,1554
H19A,84,990
H19B,54,967
H20A,80,1043
H20B,131,1329
H21,99,1272
H22,125,1254
H23,102,1323
H24,184,2240
H25,344,3110
H26,177,1862
H27-A,254,1965
H27-B,225,1899
H28,200,2575
H29A,225,2181
H29B,191,2399
HOOKERTON,84,715
JAM1,231,2616
JAM2,173,1799
JAM3,188,2090
JAM4,212,2799
JAM5,159,1415
JEF1,329,3001
JEF2,332,2584
JEF3,468,3652
JEF4,202,1842
MAURY,147,1382
MON1,423,3299
MON2A,460,3025
MON2B,190,1621
MON3,555,4900
MT ENERGY,453,4805
NCGR1,471,3469
NCGR2,357,2705
NCLAY1,248,2405
NCLAY2,89,1334
NDRI,335,3031
NMAD,341,3791
NWASH,66,1168
OR1,499,4246
OR2,369,2879
PG1,187,1675
PG2,219,2614
PRECINCT #1,99,1226
PRECINCT #2,84,871
PRECINCT #3,169,1767
PRECINCT #4 NORTH,108,1324
PRECINCT #4 SOUTH,54,793
PRECINCT #5,77,928
RC1,399,4174
RC2,510,5741
SASSAFRAS FORK,141,1753
SCLAY,160,1902
SDRI,685,6573
SF1,430,3420
SF2,177,1750
SF3,277,2671
SF4,424,3568
SHINE,155,1376
SMAD,207,2421
SNOW HILL 1,122,1410
SOUTH OXFORD,108,1374
STECOAH,84,1119
STOK,553,4951
SUGG,94,882
SUM1,219,2065
SUM2,291,2423
SUM3,99,1058
SUM4,133,1865
SWASH,85,982
TALLY HO,329,3942
TAPOCO,38,417
WALSTONBURG,99,927
WEST OXFORD ELEM.,113,1305
WEST WARD,187,1816
WILTON,525,5840
ALLENS CREEK,131,2008
ANDERSON CREEK/FLATBRANCH,356,3297
ANDERSON CREEK/OVERHILLS,709,5774
ARMORY,122,1381
ATKINSON,202,3302
BARBECUE/BENHAVEN,752,6260
BARBECUE/SPOUT SPRINGS,705,6094
BAT CAVE,51,859
BEAVERDAM 1,120,1317
BEAVERDAM 2,95,1134
BEAVERDAM 3,139,1804
BEAVERDAM 4,125,1612
BEAVERDAM 5/6,142,1670
BEAVERDAM 7,97,1156
BIG CREEK,1,16
BLACK RIVER,894,9388
BOONE TRAIL,652,5963
BRICKTON,168,1543
BUTTERWOOD,16,303
CAROLINA VILLAGE,0,506
CECIL,18,363
CENTRAL HARNETT LILLINGTON,281,2765
CENTRAL HARNETT NEILLS CREEK,496,4603
CLEAR CREEK,261,3653
CLYDE NORTH,197,1969
CLYDE SOUTH,195,2237
COATS/GROVE,700,6383
CONOCONNARA,19,273
CRAB CREEK,73,1207
CRABTREE,309,3781
EAST AVERASBORO,292,2943
EAST FLAT ROCK,263,2378
EAST FORK,135,2104
EDNEYVILLE,264,2977
ENFIELD 1,127,1766
ENFIELD 2,106,1029
ERWIN/DUKE,361,3653
ETOWAH SOUTH,147,2189
ETOWAH VALLEY,188,2551
FAUCETT,67,1002
FINES CREEK 1,42,719
FINES CREEK 2,8,165
FLAT ROCK,128,3014
FLETCHER,282,4030
GREEN RIVER,208,2446
GRIMESDALE,117,1377
HALIFAX,62,1027
HAZELWOOD,66,1021
HENDERSONVILLE-1,119,2161
HENDERSONVILLE-2,157,2209
HENDERSONVILLE-3,130,2093
HOBGOOD,69,832
HOLLISTER,175,1675
HOOPERS CREEK,270,3193
HORSE SHOE,151,2512
IRON DUFF,62,976
IVY HILL,195,3882
JOHNSONVILLE,724,6069
JONATHAN CREEK,218,3308
LAKE JUNALUSKA,104,1851
LAUREL PARK,94,1766
LITTLETON,150,2558
LONG JOHN MOUNTAIN,132,2018
MOORES GROVE,97,1099
NORTH BLUE RIDGE,457,3842
NORTH MILLS RIVER,246,3092
NORTHEAST,217,2446
NORTHWEST HARNETT,722,8392
PARK RIDGE,195,2649
PIGEON,211,2500
PIGEON CENTER,101,1101
PISGAH VIEW,96,1935
RAVEN ROCK,62,1000
RINGWOOD,90,1066
ROANOKE RAPIDS 1-2,127,1021
ROANOKE RAPIDS 10,194,2120
ROANOKE RAPIDS 11,188,2143
ROANOKE RAPIDS 3-4,198,1738
ROANOKE RAPIDS 7-9,312,3141
ROANOKE RAPIDS CENTRAL,254,2455
RUGBY,220,2244
SAUNOOK,113,2014
SCOTLAND NECK,103,1649
SOUTH BLUE RIDGE,267,3131
SOUTH MILLS RIVER,336,3805
SOUTHEAST,335,3368
SOUTHWEST,489,5873
STEWARTS CREEK,268,2785
WAYNESVILLE CENTER,65,785
WAYNESVILLE EAST,87,1538
WAYNESVILLE SOUTH 1,107,1953
WAYNESVILLE SOUTH 2,120,1648
WAYNESVILLE WEST,91,1515
WELDON 1-2,120,1102
WELDON 3,156,1747
WEST AVERASBORO,379,4240
AHOSKIE 1,129,1640
AHOSKIE 2,116,1599
AHOSKIE 3,69,916
ALLENDALE,47,352
ARCHERS LODGE,942,7164
BANNER,464,5137
BARKERS CREEK,102,1284
BARRINGER,577,6484
BEAVER CREEK,69,610
BENTONVILLE,116,1083
BETHANY,479,5107
BEULAH,324,3000
BLUE SPRINGS,108,851
BRYANTVILLE,18,324
BUCHAN,96,1095
BURGESS MILL,26,301
CANADA,33,476
CANEY FORK,50,578
CASHIERS,83,1760
CHAMBERSBURG-A,259,2702
CHAMBERSBURG-B,341,2875
CODDLE CREEK #1,833,6412
CODDLE CREEK #2,692,6184
CODDLE CREEK #3,1323,10629
CODDLE CREEK #4,543,4960
COFIELD,36,422
COMO,32,420
CONCORD,442,4602
COOL SPRINGS,261,2569
CULLOWHEE,2331,5091
DAVIDSON #1A,729,5880
DAVIDSON #1B,1281,10016
DAVIDSON #2A,605,5710
DAVIDSON #2B,737,7307
DAVIDSON #3A,684,4998
EAGLE MILLS,99,1212
EAST CLAYTON,719,6314
EAST SELMA,256,2321
EAST SMITHFIELD,247,2141
ENGELHARD,30,347
FAIRFIELD,16,256
FALLSTOWN,867,9573
FLOWERS PLANTATION,1603,14299
GLENVILLE,134,1725
GREENS CREEK,94,1055
HARRELLSVILLE,51,677
INGRAMS,477,4024
LAKE LANDING,23,378
MCCAIN,146,1749
MEADOW,250,2052
MICRO,220,2079
MILLENNIUM,44,472
MURFREESBORO 1,175,1820
MURFREESBORO 2,48,897
NORTH BOON HILL,351,2931
NORTH CLAYTON 1,307,3592
NORTH CLAYTON 2,302,3754
NORTH CLEVELAND 1,620,5968
NORTH CLEVELAND 2,710,5525
NORTH ELEVATION,403,4345
NORTH ONEALS,554,5021
NORTH PLEASANT GROVE 1,523,4772
NORTH PLEASANT GROVE 2,372,3844
NORTH SMITHFIELD 1,150,1627
NORTH SMITHFIELD 2,324,2762
NORTH WILDERS,407,3760
OCRACOKE,63,719
OLIN,114,1234
PHILIPPI,375,2983
PINE LEVEL,347,3098
POLLOCKSVILLE,125,1787
PRECINCT A1,504,4216
PRECINCT A2,594,4691
PRECINCT B1,195,2219
PRECINCT B2,261,2245
PRECINCT C1,438,4065
PRECINCT C2,379,3834
PRECINCT D1,387,3947
PRECINCT D2,313,3812
PRECINCT E1,254,2518
PRECINCT E2,388,3926
PUPPY CREEK,455,4028
QUALLA,322,3212
RAEFORD #1,131,1326
RAEFORD #2,107,868
RAEFORD #3,399,3086
RAEFORD #4,186,1967
RAEFORD #5,38,585
RIVER,126,1815
ROCKFISH,393,3772
SAVANNAH,103,1131
SCOTTS CREEK COMBINED,117,1687
SHARPESBURG,178,1829
SHILOH-A,272,2905
SHILOH-B,277,3005
SLADESVILLE,22,276
SOUTH BOON HILL,221,2140
SOUTH CLAYTON,729,6467
SOUTH ELEVATION,267,2724
SOUTH ONEALS,354,3149
SOUTH PLEASANT GROVE,484,4297
SOUTH SMITHFIELD,519,4509
SOUTHEAST CLEVELAND,408,3495
SOUTHWEST CLEVELAND,715,6862
ST JOHN,338,3357
STATESVILLE #1,352,3875
STATESVILLE #2,275,2652
STATESVILLE #3,380,3619
STATESVILLE #4,208,2687
STATESVILLE #5,267,2742
STATESVILLE #6,426,4150
STONEWALL,165,1356
SWAN QUARTER,34,432
SYLVA DILLSBORO COMBINED,453,5196
TRENTON,102,1272
TUCKAHOE,45,514
TURNERSBURG,246,2433
UNION GROVE,888,8280
WAYSIDE,598,4682
WEBSTER,150,1877
WEST CLAYTON 1,271,2805
WEST CLAYTON 2,521,5101
WEST SELMA,298,2342
WILSONS MILLS,547,4694
WINTON,78,1012
ASBURY,196,2259
BEAR GRASS,133,1463
BEECH GLEN,192,2600
BOGER CITY,177,1526
BUFFALO SHOALS,181,2055
BURNINGTOWN,40,745
CARTOOGECHAYE,132,2021
CONTENTNEA,200,1967
COWANS FORD,170,1796
COWEE,143,2129
CROOKED CREEK,141,1873
CROSS ROADS,109,944
DANIELS/VALE,244,2800
DENVER,330,3281
DENVER WEST,306,3119
DYSARTSVILLE,219,2361
EAST FRANKLIN,907,4269
EBBS CHAPEL,69,984
ELLIJAY,140,2043
FLATS,31,468
GLENWOOD,475,4038
GOOSE NEST,59,891
GRAPEVINE,87,1051
GRIFFINS,258,3008
HAMILTON,81,943
HIGGINS,116,1450
HIGHLANDS,127,2314
HOT SPRINGS,70,758
HOWARDS CREEK,333,3451
INSTITUTE,172,1627
IOTLA,143,1488
IRON STATION,307,2572
IRON STATION SOUTH,126,1612
JAMESVILLE,199,1924
KINSTON -1,91,616
KINSTON-2,45,760
KINSTON-3,101,1129
KINSTON-4,183,2223
KINSTON-5,119,1271
KINSTON-6,181,1741
KINSTON-7,104,1455
KINSTON-8,87,813
KINSTON-9,153,1762
LABORATORY,205,2532
LINCOLNTON/NORTH,90,1428
LINCOLNTON/SOUTH,136,1498
LITHIA,105,1373
LOWESVILLE,314,4976
LOWESVILLE WEST,129,1774
MARION #1,231,2651
MARION #2,107,1214
MARION #3,88,858
MARION #4,119,1009
MARION #5,113,943
MARS HILL,360,3490
MILLSHOAL,155,2146
MONTFORD COVE,150,1568
MOSELEY HALL,299,3172
NANTAHALA,39,610
NEBO,216,2419
NEUSE,282,2691
NORTH BROOK 3A,339,3616
NORTH COVE,51,805
NORTH FRANKLIN,157,2242
NORTH MARSHALL,167,2091
OLD FORT #1,76,1132
OLD FORT #2,119,1660
ORE BANK,233,2221
PCT 001,152,1534
PCT 002,195,2945
PCT 003,269,1894
PCT 004,232,1961
PCT 005,108,1336
PCT 006,215,1845
PCT 007,120,1830
PCT 008,311,2264
PCT 009,271,4489
PCT 010,231,2590
PCT 011,857,8105
PCT 012,603,3007
PCT 013,305,4182
PCT 014,244,4299
PCT 015,177,3796
PCT 016,236,2569
PCT 017,253,1865
PCT 018,181,1686
PCT 019,199,1759
PCT 020,271,2340
PCT 021,100,2286
PCT 022,1001,9038
PCT 023,219,2744
PCT 024,218,2683
PCT 025,214,1984
PCT 026,370,3355
PCT 027,296,2695
PCT 028,121,1972
PCT 029,127,1874
PCT 030,257,5015
PCT 031,213,2312
PCT 032,270,2056
PCT 033,141,1813
PCT 034,169,2735
PCT 035,203,2085
PCT 036,203,2493
PCT 037,76,2064
PCT 038,101,1869
PCT 039,384,2795
PCT 040,265,2295
PCT 041,283,2271
PCT 042,295,2400
PCT 043,294,2564
PCT 044,74,1732
PCT 045,175,1724
PCT 046,167,2424
PCT 047,339,2844
PCT 048,333,2053
PCT 049,223,2916
PCT 050,91,1730
PCT 051,154,2775
PCT 052,264,3630
PCT 053,471,3557
PCT 054,198,2843
PCT 055,160,1496
PCT 056,190,1796
PCT 057,107,2528
PCT 058,116,2102
PCT 059,57,1201
PCT 060,153,1781
PCT 061,161,2275
PCT 062,272,1815
PCT 063,259,1866
PCT 064,79,1126
PCT 065,119,1422
PCT 066,135,1611
PCT 067,150,1516
PCT 068,117,1189
PCT 069,468,4358
PCT 070,255,2240
PCT 071,312,2295
PCT 072,155,1502
PCT 073,152,1626
PCT 074,306,3313
PCT 075,252,3296
PCT 076,171,2765
PCT 077,342,2894
PCT 078,290,3082
PCT 079,204,2008
PCT 080,432,3728
PCT 081,469,4208
PCT 082,495,3127
PCT 083,385,2979
PCT 084,249,2072
PCT 085,182,2253
PCT 086,282,2110
PCT 087,199,2438
PCT 088,162,2394
PCT 089,670,5900
PCT 090,154,1525
PCT 091,665,4643
PCT 092,260,2953
PCT 093,178,1844
PCT 094,182,1798
PCT 095,225,1736
PCT 096,113,2031
PCT 097,128,1115
PCT 098,340,2726
PCT 099,210,1621
PCT 100,296,2841
PCT 101,172,2146
PCT 102,508,4195
PCT 103,284,3308
PCT 104,302,2505
PCT 105,1264,4154
PCT 106,100,1629
PCT 107,377,3416
PCT 108,320,2089
PCT 109,128,2626
PCT 110,126,1349
PCT 111,232,2791
PCT 112,269,2219
PCT 113,390,3292
PCT 114,258,2762
PCT 115,170,1421
PCT 116,206,1436
PCT 117,169,1969
PCT 118,376,2807
PCT 119,157,1657
PCT 120,182,1527
PCT 121,399,3924
PCT 122,415,4728
PCT 123,297,2314
PCT 124,236,2320
PCT 125,171,1207
PCT 126,484,4033
PCT 127,827,5888
PCT 128,225,2705
PCT 129,94,1031
PCT 130,175,1614
PCT 131,144,1747
PCT 132,403,2732
PCT 133,583,5290
PCT 134,600,6581
PCT 135,1023,7228
PCT 136,195,3050
PCT 137,902,6338
PCT 138,321,3075
PCT 139,425,3413
PCT 140,698,5342
PCT 141,2121,2983
PCT 142,560,6568
PCT 143,708,5869
PCT 144,363,3705
PCT 145,1232,10224
PCT 146,467,3771
PCT 147,352,3155
PCT 148,1603,10672
PCT 149,650,5515
PCT 150,337,3483
PCT 151,563,5289
PCT 200,262,3299
PCT 201,942,9020
PCT 202,976,9291
PCT 203,1007,8220
PCT 204,645,4890
PCT 205,518,4441
PCT 206,1543,7690
PCT 207,721,5968
PCT 208,595,4831
PCT 209,553,4964
PCT 210,645,5694
PCT 211,1022,9777
PCT 212,1704,12149
PCT 213,639,4794
PCT 214,361,3270
PCT 215,362,3667
PCT 216,481,4999
PCT 217,253,2566
PCT 218,275,2875
PCT 219,260,2818
PCT 220,215,3104
PCT 221,475,4757
PCT 222,831,6968
PCT 223,884,7432
PCT 224,337,3177
PCT 225,176,2837
PCT 226,261,3388
PCT 227,876,7018
PCT 228,350,3931
PCT 229,1287,14531
PCT 230,1002,9554
PCT 231,455,4460
PCT 232,442,4616
PCT 233,434,4522
PCT 234,412,3318
PCT 235,342,3034
PCT 236,568,5777
PCT 237,824,4680
PCT 238,304,2935
PCT 239,513,4270
PCT 240,478,5721
PCT 241,887,10205
PCT 242,393,3177
PCT 243,966,10150
PINK HILL-1,63,569
PINK HILL-2,104,1038
PLEASANT GARDENS,147,1881
PUMPKIN CENTER,274,2646
REVERE-RICE COVE,27,246
ROBERSONVILLE,164,1957
SANDHILL,66,634
SANDY MUSH,233,2201
SMITHBRIDGE,235,2891
SOUTH FRANKLIN,125,1172
SOUTH MARSHALL,73,920
SPRING CREEK,27,671
SUGARFORK,26,470
TRENT-1,134,1194
TRENT-2,112,881
TRIANGLE A,349,4807
TURKEY COVE #17,49,636
VANCE,176,1839
WALNUT,78,1201
WEST MARION #7,322,3140
WESTPORT,600,6503
WILLIAMSTON 1,293,2693
WILLIAMSTON 2,269,2577
WOODINGTON,100,989
BAILEY,329,3200
BAKERSVILLE,116,1489
BENSALEM,167,1943
BISCOE,197,1274
BRADSHAW,375,4358
CAMERON,261,2662
CANDOR,185,1201
CANE CREEK,40,474
CARTHAGE,561,5479
CASTALIA,125,1280
CF01,390,5215
CF02,265,2868
CF05,291,3225
CF06,263,2718
CHEEKS CREEK,51,613
COOPERS,274,2877
DEEP RIVER/HIGH FALLS/RITTER,177,1590
DORTCHES,166,1602
EAST ABERDEEN,236,2890
EAST KNOLLWOOD,103,1444
EASTWOOD,175,1714
ELDORADO,74,1639
EUREKA/WHISPERING PINES,517,4524
FP03,102,1756
FP04,563,5936
FP06,407,3964
FP07,481,5240
FP08,363,5329
GRASSY CREEK,424,5334
HARRELL,69,764
LITTLE RIVER,542,5262
LITTLE ROCK CREEK,31,488
M02,668,6253
M03,472,6976
M04,623,6321
M06,185,2708
M07,161,2546
MIDDLESEX,273,2398
MOMEYER,64,794
MT GILEAD,114,1353
NASHVILLE,555,6398
NORTH SOUTHERN PINES,117,2398
OAK LEVEL,397,4044
OPHIR,19,270
PEE DEE,85,1493
PINEBLUFF,199,2141
PINEDENE,291,3269
PINEHURST A1,238,3066
PINEHURST A2,124,2197
PINEHURST B1,143,2948
PINEHURST B2,117,2277
PINEHURST C,253,4077
POPLAR,6,147
RED OAK,293,3016
ROBBINS,174,1165
ROCKY MOUNT BATTLEBORO,248,2081
ROCKY MOUNT BENVENUE,330,3614
ROCKY MOUNT DOWNTOWN,246,2718
ROCKY MOUNT EDWARDS,178,2063
ROCKY MOUNT HUNTER HILL,204,2553
ROCKY MOUNT SOUTH,303,3025
ROCKY MOUNT SUNSET,207,2449
ROCKY MOUNT WINSTEAD,470,5071
ROCKY SPRINGS,98,676
SAMARIA,210,1790
SEVEN LAKES,366,4826
SNOW CREEK,69,1145
SOUTH SOUTHERN PINES,320,3987
SPRING HOPE,254,2816
STANHOPE,233,1767
STAR,152,1411
TAYLORTOWN,25,451
TROY 1,179,1739
TROY 2,113,1247
UWHARRIE,112,1360
VASS,241,2220
W03,125,1929
W08,114,1472
W12,178,1727
W15,715,4970
W16,264,3057
W17,196,2117
W21,307,4196
W25,235,3916
W26,155,2364
W27,160,2720
W29,273,3062
W30,427,4883
W31,339,3948
W33,609,5227
W34,2615,5237
W35,765,4202
WADEVILLE,39,380
WB,166,1859
WEST ABERDEEN,312,3665
WEST END,282,3125
WEST KNOLLWOOD,154,2664
WESTMOORE,178,1909
ARAPAHOE,118,2307
BAY RIVER,39,504
BC21,626,5785
BM08,879,6824
CALDWELL,238,2801
CARR,91,1090
CARRBORO,298,2765
CEDAR FALLS,541,4003
CEDAR GROVE,139,1585
CHEEKS,623,6476
CL10,347,3146
COKER HILLS,127,1166
COLES STORE,165,1715
COLONIAL HEIGHTS,420,2399
CONWAY/MILWAUKEE/PENDLETON,65,1043
CR07,559,4982
CREEKSVILLE,36,483
DAMASCUS,292,2056
DOGWOOD ACRES,414,2890
EAST ELIZABETH CITY,326,3288
EASTSIDE,178,1816
EFLAND,171,2002
EN03,1668,10981
ENO,306,2276
ESTES HILLS,307,2036
FS16,427,5403
GALATIA,36,492
GARYSBURG/PLEASANT HILL,107,1518
GASTON,188,2138
GB12,740,5614
GRADY BROWN,479,4239
HILLSBOROUGH,93,1328
HILLSBOROUGH EAST,149,1973
HILLSBOROUGH NORTH,301,2691
HM05,565,4540
HN14,298,2767
HOGAN FARMS,486,2841
HR17,316,3987
HU20,433,3757
JA01,2155,6181
JACKSON/REHOBOTH,44,724
KINGS MILL,236,2022
LAKE GASTON,46,1229
LASKER,11,203
ML23,108,1185
MT  HERMON,497,4549
MT24,205,2430
NE22A,672,4854
NE22B,665,5554
NEWLAND,171,1898
NEWTOWN,36,432
NIXONTON,313,3684
NM13,107,1085
NORTH CARRBORO,312,2500
NORTH ELIZABETH CITY,266,2173
NORTHSIDE,809,1801
NR02,189,1479
ORANGE GROVE,264,3368
ORIENTAL,60,2032
OWASA,401,2544
REELSBORO,127,1370
RICH SQUARE,81,1011
RIDGEFIELD,287,2185
RL09,749,6199
ROGER EUBANKS,527,3462
SEABOARD,69,750
SEVERN,16,273
SF18,545,6350
SOUTH ELIZABETH CITY,734,2786
ST MARYS,218,2463
SW19,458,5106
TL06,398,3668
TOLARS,118,1380
TOWN HALL,208,1805
UNC,2851,4291
VR15,241,2120
WEAVER DAIRY,302,2512
WEAVER DAIRY SAT,0,426
WEST ELIZABETH CITY,315,2597
WEST HILLSBOROUGH,176,1981
WESTWOOD,630,2280
WHITE CROSS,148,1631
WN04,513,4572
WOODLAND/POTECASI,43,591
ALFORDSVILLE,127,1011
ALLENSVILLE,182,1951
ARCHDALE,672,7198
ARTHUR,346,3764
ASHEBORO EAST,426,3840
ASHEBORO NORTH,518,3449
ASHEBORO SOUTH,372,3553
ASHEBORO WEST,551,4905
AYDEN A,291,2851
AYDEN B,236,2399
BACK CREEK,302,2988
BACK SWAMP,225,2116
BEAVER DAM #1,77,769
BELVIDERE,71,708
BELVOIR,475,3584
BRITTS,266,2016
BURGAW,450,5112
BURNT SWAMP,260,2008
CAROLINA,168,1284
CHICOD,578,4797
COLUMBIA,194,2439
COLUMBUS-1,165,2260
COLUMBUS-2,154,2673
COOPERS GAP,151,1712
CUNNINGHAM/CHUB LAKE,103,1698
DEEP RIVER,448,4110
EAST HERTFORD,93,871
EAST HOWELLSVILLE,204,1603
FAIRMONT,286,2915
FALKLAND,179,1944
FARMVILLE A,220,2181
FARMVILLE B,176,1836
FLAT RIVER,433,5047
FOUNTAIN,64,735
GADDYS,89,704
GRANT,385,3593
GREEN CREEK,193,2548
GREENVILLE #1,118,922
GREENVILLE #10A,192,2173
GREENVILLE #10B,192,2367
GREENVILLE #11A,372,3637
GREENVILLE #11B,464,3215
GREENVILLE #12A,712,6079
GREENVILLE #12B,245,2375
GREENVILLE #13A,400,3236
GREENVILLE #13B,337,2476
GREENVILLE #3,434,2234
GREENVILLE #4A,231,2423
GREENVILLE #4B,368,4254
GREENVILLE #5A,225,2118
GREENVILLE #5B,266,2380
GREENVILLE #6,710,1833
GREENVILLE #7,1468,3224
GREENVILLE #7B,1400,1707
GREENVILLE #8A,893,1400
GREENVILLE #8B,379,1569
GREENVILLE #9,633,3474
GRIFTON,307,2836
GRIMESLAND,160,1162
HOLLOWAY,83,989
LEVEL CROSS,209,2195
LIBERTY,268,2505
LOWER TOPSAIL,636,5912
LUMBER BRIDGE,115,938
LUMBERTON #1,284,3199
LUMBERTON #11A,197,1450
LUMBERTON #2,226,1917
LUMBERTON #3,184,1526
LUMBERTON #4,99,925
LUMBERTON #5,107,871
LUMBERTON #6,98,988
LUMBERTON #7,37,351
LUMBERTON #8A,144,1333
MALPASS CORNER,229,2552
MARKS CREEK #1,351,3090
MARKS CREEK #2,444,4390
MAXTON,320,2558
MIDDLE TOPSAIL,334,3839
MINERAL SPRINGS #1,179,1622
MINERAL SPRINGS #2,76,859
MT TIRZAH,172,2315
NEW MARKET,379,4047
NICANOR,19,218
NORTH PEMBROKE,444,2154
OLIVE HILL,133,1520
ORRUM,118,1014
OXENDINE,175,1519
PACTOLUS,472,3819
PARKTON,245,2171
PARKVILLE,125,1690
PENDERLEA,253,2581
PHILADELPHUS,149,1120
PIEDMONT NORTH,285,3275
PROSPECT,233,1922
RAFT SWAMP,220,1639
RAMSEUR,280,2665
RANDLEMAN,554,5220
RED SPRINGS,365,2723
RENNERT,194,1076
ROCKINGHAM #1,407,3657
ROCKINGHAM #2,451,4190
ROCKINGHAM #3,176,1808
ROCKY POINT,731,6624
ROWLAND,112,1204
ROXBORO 4,120,1605
ROXBORO CENTRAL,303,3430
SADDLETREE,329,2468
SALUDA,97,1526
SCOTTS HILL,260,2881
SHANNON,91,519
SIMPSON A,414,3573
SIMPSON B,509,4381
SLOOP POINT,555,5372
SMYRNA,129,1021
SOUTH PEMBROKE,470,3190
SOUTH WEST,134,1807
SOUTHERN,317,3341
ST PAULS,595,4150
STALEY,193,1912
STEELES #1,16,114
STERLINGS,53,538
SURF CITY,429,4861
SWIFT CREEK,101,1139
TABERNACLE,267,2776
THOMPSON,46,414
TRINITY,818,8438
TRINITY TABERNACLE,409,3834
UPPER HOLLY,58,763
UPPER TOPSAIL,529,5042
WEST HERTFORD,85,796
WEST HOWELLSVILLE,194,1329
WHITEHOUSE,41,468
WINTERVILLE NORTH,465,4406
WINTERVILLE SOUTH,318,3297
WINTERVILLE WEST,354,3287
WISHARTS,319,2999
WOLF PIT #1,254,2115
WOLF PIT #2,175,1546
WOODSDALE,64,996
ALBEMARLE 10.1,179,1814
ALBEMARLE 7.1,212,2304
ALBEMARLE 8.1,125,1292
ALBEMARLE NUMBER 11,101,1258
ALBEMARLE NUMBER 3,172,2003
ALMOND 1,225,2668
AQUADALE,207,2062
AUTRYVILLE,153,1471
BADIN,120,1149
BARNHARDT MILL,138,1666
BIG LICK NUMBER 1,194,1920
BIG LICK NUMBER 2,330,3155
BLACKWELDER PARK,96,1231
BOSTIAN CROSS ROAD,181,2075
BOSTIAN SCHOOL,154,1674
BOSTIC-SUNSHINE,167,1988
BRYAN,163,1729
CAMP CREEK-MT VERNON,209,2147
CAROLEEN-CLIFFSIDE,235,2410
CHESTNUT GROVE,180,1938
CHIMNEY ROCK,115,2396
CHINA GROVE,386,3974
CLEMENT,182,1444
CLEVELAND,183,1809
"CLINTON, CENTRAL",79,742
"CLINTON, EAST",288,2349
"CLINTON, NORTHEAST",176,1692
"CLINTON, SOUTHWEST",149,1376
"CLINTON, WEST",158,1559
DANBURY,49,741
DANIELTOWN-SULPHUR SPRINGS,270,3059
DOBSON #3,193,1630
DOBSON COMBINED,304,2766
DRAPER,174,1784
DUNCAN CREEK-GOLDEN VALLEY,85,1226
EAST ALBEMARLE,79,998
EAST ENOCHVILLE,202,1937
EAST KANNAPOLIS,264,2341
EAST KING,296,3646
EAST SPENCER,66,766
EAST WALNUT COVE,173,1841
EDEN,514,5408
EDEN CENTRAL,328,3506
ELDORA,217,2310
ELKIN,365,4045
ELLENBORO,464,4839
ELLIS,96,1269
ENDY,142,1276
FAITH,251,2887
FLINTY KNOLL,117,1351
FOREST CITY #1,341,3422
FOREST CITY #2,206,2138
FRANCISCO,110,1399
FRANKLIN,392,4011
FURR NUMBER 1,355,4102
FURR NUMBER 2,369,3616
GARLAND,139,1053
GERMANTON,95,1228
GIDDENSVILLE,149,1054
GILKEY-MORGAN,213,2582
GOLD KNOB,177,1739
GRANITE QUARRY,364,4062
GREEN HILL,158,1998
HARRELLS,114,1406
HATTERS SHOP,268,3211
HAYNES,192,1802
HERRING,75,694
HOGANS-1,262,3100
HUNTSVILLE-1,366,4069
INGOLD,142,1051
KEENER,146,1158
KITTY FORK,192,1623
LAKEWOOD,234,2344
LANDIS,377,4005
LAWSONVILLE,129,1307
LINCOLN-1,324,3725
MARSH,147,1265
MILFORD HILLS CITY,184,2253
MILFORD HILLS COUNTY,161,1747
MINGO,322,2411
MITCHELL,124,1312
MIZPAH,151,1660
MONROETON,255,3320
MORGAN #1,53,884
MORGAN #2,135,1538
MT AIRY #1,207,1920
MT AIRY #5,155,1643
MT AIRY #6,133,1247
MT AIRY #7,111,1178
MT AIRY #8,151,1881
MT AIRY #9,239,2526
MT AIRY COMBINED,345,3830
MT. ULLA,120,1498
NEW BETHEL,300,3513
NEW LONDON,191,1845
NEWTON GROVE,150,1252
NORTH ALBEMARLE 2,251,2220
NORTH LOCKE,267,2488
NORTH WARD,228,2174
NORTH WESTFIELD,117,1460
NORWOOD,296,3100
PALMERVILLE,99,1182
PINE HALL,57,912
PINNACLE,184,2033
PLAINVIEW,248,2467
REIDSVILLE-1,409,4984
REIDSVILLE-2,370,4582
REYNOLDS,45,641
RICHFIELD,98,1085
RIDENHOUR,164,1582
ROCK CENTRAL,431,4563
ROCK GROVE,208,2142
ROCKFORD,86,1100
ROCKWELL,361,3423
ROSEBORO,159,1381
ROWAN,155,1352
RUTHERFORDTON #1,250,3053
RUTHERFORDTON #2,163,1473
SALEMBURG,101,913
SCOTCH IRISH,99,1170
SHOALS,107,1350
SILOAM,68,723
SOUTH ALBEMARLE 1,112,1267
SOUTH LOCKE,297,3014
SOUTH WARD,231,2529
SOUTH WESTFIELD,129,1278
SPENCER,193,1930
SPINDALE,243,2842
STEELE,115,1105
STEWARTS CREEK #1,154,1381
STEWARTS CREEK #2,188,2462
STONEVILLE,395,4510
SUMNER,313,2119
TRADING FORD,100,1536
TURKEY,98,948
UNITY,155,1596
WEST ENOCHVILLE,244,2501
WEST INNES,223,1587
WEST KANNAPOLIS,247,2087
WEST KING,272,3356
WEST WALNUT COVE,116,1528
WEST WARD #1,89,1045
WEST WARD #2,254,2390
WEST WARD #3,638,1314
WESTBROOK,137,1335
WESTERN-1,359,5002
WILLIAMSBURG,299,3576
WILSON ST.,201,2209
0005,402,3729
001,195,936
0019,588,4510
002,180,1338
0020A,431,3665
0020B,773,4379
003,121,1037
0030,500,4453
004,226,1067
0044,510,3486
0045,468,2991
006,248,2411
007,447,4183
008,339,1877
009,144,1194
010,113,1011
011,327,2752
017A,423,3745
017B,822,4926
018,493,3445
022,250,2588
023,192,2017
024,229,2262
025,197,2062
026,204,1930
027,153,1729
028A,1129,5847
028B,876,4324
028C,725,3933
028D,822,4894
029A,615,4775
029B,203,1669
029C,270,3067
035,152,2003
036,208,2087
037A,636,5362
037B,135,1374
038A,476,3354
038B,195,2113
039,380,3056
040,610,4039
041,706,4649
ALARKA,42,715
ALLIGATOR,11,156
ALMOND,83,1239
BC1,151,2002
BC2,180,1974
BOYD,226,2482
BREVARD #1,122,1617
BREVARD #2,90,1444
BREVARD #3,95,1799
BREVARD #4,147,1396
CATHEY'S CREEK,185,2151
CC,243,2490
CEDAR MOUNTAIN,57,813
CENTRAL HENDERSON,281,2603
DUNNS ROCK,95,2391
GUMNECK,7,139
KILKENNY,0,46
KITT,301,3111
MIDD,194,2339
NH,267,2964
NV,100,957
PISGAH FOREST,116,1101
PRECINCT 01-01,413,1930
PRECINCT 01-02,338,1747
PRECINCT 01-03,269,2129
PRECINCT 01-04,96,1243
PRECINCT 01-05,134,1150
PRECINCT 01-06,198,2711
PRECINCT 01-07,196,2831
PRECINCT 01-09,104,1185
PRECINCT 01-10,171,1555
PRECINCT 01-11,316,2755
PRECINCT 01-12,127,1886
PRECINCT 01-13,81,1659
PRECINCT 01-14,287,3770
PRECINCT 01-15,145,2972
PRECINCT 01-16,239,2942
PRECINCT 01-17,102,1154
PRECINCT 01-18,265,2645
PRECINCT 01-19,182,1829
PRECINCT 01-20,187,2607
PRECINCT 01-21,435,4369
PRECINCT 01-22,482,3812
PRECINCT 01-23,2861,4810
PRECINCT 01-25,112,1166
PRECINCT 01-26,413,2280
PRECINCT 01-27,203,2598
PRECINCT 01-28,333,4192
PRECINCT 01-29,259,2301
PRECINCT 01-30,162,1314
PRECINCT 01-31,642,3093
PRECINCT 01-32,270,2506
PRECINCT 01-33,216,1867
PRECINCT 01-34,156,1575
PRECINCT 01-35,276,2417
PRECINCT 01-36,238,2515
PRECINCT 01-37,163,1814
PRECINCT 01-38,169,2180
PRECINCT 01-39,187,2424
PRECINCT 01-40,539,4331
PRECINCT 01-41,296,1986
PRECINCT 01-42,258,2786
PRECINCT 01-43,178,2360
PRECINCT 01-44,207,3320
PRECINCT 01-45,168,1622
PRECINCT 01-46,355,2533
PRECINCT 01-47,177,2040
PRECINCT 01-48,211,2118
PRECINCT 01-49,546,3032
PRECINCT 01-50,351,2956
PRECINCT 01-51,70,1043
PRECINCT 02-01,316,3183
PRECINCT 02-02,838,6534
PRECINCT 02-03,298,2955
PRECINCT 02-04,308,2538
PRECINCT 02-05,111,1087
PRECINCT 02-06,313,2754
PRECINCT 03-01,899,5454
PRECINCT 03-02,398,3610
PRECINCT 04-01,143,2119
PRECINCT 04-02,310,2827
PRECINCT 04-03,177,1950
PRECINCT 04-04,120,1855
PRECINCT 04-05,374,3631
PRECINCT 04-06,179,3057
PRECINCT 04-07,319,2832
PRECINCT 04-08,256,2551
PRECINCT 04-09,347,2925
PRECINCT 04-10,229,2722
PRECINCT 04-11,153,1577
PRECINCT 04-12,233,2773
PRECINCT 04-13,522,4847
PRECINCT 04-14,127,1627
PRECINCT 04-15,200,2420
PRECINCT 04-16,130,2023
PRECINCT 04-17,140,1772
PRECINCT 04-18,288,2690
PRECINCT 04-19,194,1747
PRECINCT 04-20,240,2953
PRECINCT 04-21,198,1714
PRECINCT 05-01,320,3865
PRECINCT 05-03,454,4320
PRECINCT 05-05,689,7182
PRECINCT 05-06,854,5424
PRECINCT 05-08,633,5055
PRECINCT 05-09,581,4446
PRECINCT 05-10,545,3585
PRECINCT 06-04,514,4335
PRECINCT 06-05,424,3249
PRECINCT 06-06,1037,6764
PRECINCT 06-07,476,3660
PRECINCT 06-08,278,2371
PRECINCT 06-10,829,6354
PRECINCT 06-11,153,1430
PRECINCT 06-12,1099,7900
PRECINCT 07-01,187,1824
PRECINCT 07-02,161,1571
PRECINCT 07-03,116,1580
PRECINCT 07-04,277,3805
PRECINCT 07-05,135,1739
PRECINCT 07-06,223,3564
PRECINCT 07-07,248,4025
PRECINCT 07-09,214,3207
PRECINCT 07-10,388,4825
PRECINCT 07-11,61,1127
PRECINCT 07-12,187,2597
PRECINCT 07-13,136,2238
PRECINCT 08-02,391,4042
PRECINCT 08-03,633,6275
PRECINCT 08-04,211,1806
PRECINCT 08-05,180,2088
PRECINCT 08-06,165,1981
PRECINCT 08-07,285,2623
PRECINCT 08-08,517,4375
PRECINCT 08-09,137,1945
PRECINCT 08-10,284,2757
PRECINCT 08-11,499,4106
PRECINCT 09-01,243,2463
PRECINCT 09-02,478,4169
PRECINCT 09-03,637,6053
PRECINCT 10-01,181,1581
PRECINCT 10-02,600,4747
PRECINCT 10-03,376,3692
PRECINCT 10-05,417,4321
PRECINCT 10-06,579,7171
PRECINCT 11-01,587,5503
PRECINCT 11-02,344,4737
PRECINCT 12-02,702,6388
PRECINCT 12-04,737,6340
PRECINCT 12-06,624,7412
PRECINCT 12-07,422,3480
PRECINCT 12-08,556,5559
PRECINCT 12-09,620,6161
PRECINCT 12-10,770,5240
PRECINCT 12-11,455,3800
PRECINCT 12-12,437,3800
PRECINCT 12-13,356,3396
PRECINCT 13-02,166,1976
PRECINCT 13-05,201,2194
PRECINCT 13-06,240,2968
PRECINCT 13-07,236,2333
PRECINCT 13-08,456,3494
PRECINCT 13-09,573,4641
PRECINCT 13-10,807,6029
PRECINCT 13-11,267,3283
PRECINCT 13-12,320,2880
PRECINCT 13-13,322,3291
PRECINCT 14-01,82,884
PRECINCT 14-02,1059,8410
PRECINCT 15-01,411,4226
PRECINCT 15-02,735,6580
PRECINCT 15-03,575,5482
PRECINCT 15-04,223,2282
PRECINCT 16-01,403,3889
PRECINCT 16-02,661,5236
PRECINCT 16-03,159,1481
PRECINCT 16-04,218,2878
PRECINCT 16-05,223,2648
PRECINCT 16-06,102,1258
PRECINCT 16-07,283,3400
PRECINCT 16-09,646,5630
PRECINCT 16-10,700,5016
PRECINCT 16-11,583,5349
PRECINCT 17-01,284,2737
PRECINCT 17-02,222,2337
PRECINCT 17-03,543,6275
PRECINCT 17-05,448,3911
PRECINCT 17-06,280,2410
PRECINCT 17-07,508,3695
PRECINCT 17-09,505,3876
PRECINCT 17-10,129,1252
PRECINCT 17-11,669,4651
PRECINCT 17-12,467,3866
PRECINCT 17-13,528,5355
PRECINCT 17-15,307,2758
PRECINCT 17-16,268,2416
PRECINCT 17-17,283,2899
PRECINCT 18-01,1184,4378
PRECINCT 18-02,644,5104
PRECINCT 18-03,181,2283
PRECINCT 18-04,486,4910
PRECINCT 18-05,500,5298
PRECINCT 18-06,418,3984
PRECINCT 18-07,435,4113
PRECINCT 18-08,403,4249
PRECINCT 19-03,409,3609
PRECINCT 19-05,468,3666
PRECINCT 19-07,604,5878
PRECINCT 19-09,708,5889
PRECINCT 19-11,383,3724
PRECINCT 19-13,251,2252
PRECINCT 19-14,395,3164
PRECINCT 19-15,357,3027
PRECINCT 19-16,301,3000
PRECINCT 19-17,709,5457
PRECINCT 19-18,631,4825
PRECINCT 19-20,553,3940
PRECINCT 19-21,738,5610
PRECINCT 19-22,455,3523
PRECINCT 19-23,673,5402
PRECINCT 19-24,711,4728
PRECINCT 19-25,362,3107
PRECINCT 20-01,534,3937
PRECINCT 20-03,419,4569
PRECINCT 20-04,505,3571
PRECINCT 20-05,380,4288
PRECINCT 20-06A,671,5669
PRECINCT 20-06B,513,3647
PRECINCT 20-08,660,5057
PRECINCT 20-09,368,2811
PRECINCT 20-10,458,3253
PRECINCT 20-11,836,6702
PRECINCT 20-12,921,6887
PRECINCT 20-15,816,5435
PRECINCT 20-17,1052,5559
PRECINCT 20-18,472,3615
PRECINCT 20-19,956,5138
PRECINCT 20-20,723,4111
ROSMAN EASTATOE,212,2006
SCRK,391,3517
SCUPPERNONG,102,1380
SOUTH FORK,0,21
SOUTH HENDERSON,299,2400
TC1,62,788
TC7,114,1664
WH,233,3056
WHCH,267,2604
WILLIAMSON CREEK,86,1526
11,161,2105
16,211,1962
1920,211,2268
2530,283,2789
BALD MOUNTAIN,46,510
BLOWING ROCK,156,2484
BLUE RIDGE,339,3395
BOOMER,124,1400
BOONE 1,511,1359
BOONE 2,2121,2500
BOONE 3,2317,2756
BRUSHY FORK,1050,3121
BRUSHY MOUNTAIN,40,493
COVE CREEK,195,2089
CRICKET,170,1538
EAST WARRENTON,58,993
EDWARDS #1,115,1085
EDWARDS #2,74,837
EDWARDS #3,213,2538
FAIRPLAINS,136,1290
FERGUSON,67,773
FISHING CREEK,74,965
FORK,25,280
HAWTREE,68,803
JUDKINS,29,444
LAUREL CREEK,95,954
LEES MILL,108,1478
MEAT CAMP,244,2175
MILLERS CREEK,150,1750
MORAVIAN FALLS,139,1859
MOUNT PLEASANT,166,1955
MULBERRY,319,3289
MULBERRY #1,48,661
NEW CASTLE,88,1088
NEW RIVER I,981,2275
NEW RIVER II,835,3053
NEW RIVER III,1026,3607
NORLINA,49,511
NORTH WILKESBORO,202,2009
NUTBUSH,72,1018
PLYMOUTH 1,115,1096
PLYMOUTH 2,87,848
PLYMOUTH 3,192,1990
REDDIES RIVER,352,3709
ROANOKE,32,973
ROCK CREEK,355,3586
SHAWNEEHAW,50,588
SHOCCO,59,700
SIXPOUND,38,818
SKINNERSVILLE,60,760
SMITH CREEK,50,688
SOMERS,60,758
STONY FORK,168,1721
TRAPHILL,164,1997
WALNUT GROVE,57,765
WATAUGA,246,2830
WEST WARRENTON,106,1404
WILKESBORO #1,148,1913
WILKESBORO #2,216,2332
WILKESBORO #3,158,1800
BLACK CREEK,240,2393
BOONVILLE,217,2606
BRUSH CREEK,28,407
CANE RIVER,96,1261
DEEP CREEK,217,1761
EAST BEND,183,2058
EGYPT,36,504
FORBUSH,247,2944
GARDNERS,228,1971
GREEN MOUNTAIN,30,407
JACKS CREEK,122,1328
NORTH BUCK SHOALS,118,1325
NORTH FALL CREEK,83,1038
NORTH KNOBS,225,2556
NORTH LIBERTY,298,3414
OLDFIELDS,457,3993
PENSACOLA,33,500
PRICES CREEK,105,1102
RAMSEYTOWN,16,284
SARATOGA,62,859
SOUTH BUCK SHOALS,73,746
SOUTH FALL CREEK,167,1635
SOUTH KNOBS,106,1095
SOUTH LIBERTY,180,1936
SOUTH TOE,114,1738
SPRING HILL,212,1950
STANTONSBURG,121,1221
TAYLORS,600,5946
TOISNOT,327,3280
WILSON A,108,784
WILSON B,106,894
WILSON C,107,1260
WILSON D,118,1523
WILSON E,120,1152
WILSON H,75,676
WILSON I,145,1456
WILSON J,279,3344
WILSON K,103,1348
WILSON L,178,2067
WILSON M,353,3869
WILSON N,180,1867
WILSON P,121,1420
WILSON Q,49,503
WILSON R,143,1256
